epoch,grad_norm,step,train_loss,train_softmax_entropy,train_target_entropy,train_unseen_states,train_vad_loss,train_vap_loss,val_loss,val_softmax_entropy,val_target_entropy,val_unseen_states,val_vap_loss
0,0.4095103144645691,49,3.3383681774139404,3.6681807041168213,5.659970760345459,0.0,0.0,3.3383681774139404,,,,,
0,0.3597392737865448,99,3.365656614303589,3.782417058944702,5.613763809204102,3.0,0.0,3.365656614303589,,,,,
0,0.29186922311782837,149,2.796753406524658,3.628716230392456,5.1689772605896,10.0,0.0,2.796753406524658,,,,,
0,,157,,,,,,,3.0951120853424072,3.8350305557250977,5.56056022644043,2.6626086235046387,3.0951120853424072
1,0.27137893438339233,199,2.9192636013031006,3.7813286781311035,5.345552921295166,8.0,0.0,2.9192636013031006,,,,,
1,0.2760070860385895,249,3.224848985671997,3.9538846015930176,5.786357879638672,3.0,0.0,3.224848985671997,,,,,
1,0.19812585413455963,299,2.7497479915618896,3.7715654373168945,5.232845306396484,9.0,0.0,2.7497479915618896,,,,,
1,,315,,,,,,,2.975219488143921,3.915782928466797,5.56056022644043,2.6626086235046387,2.975219488143921
2,0.18198740482330322,349,2.887913227081299,3.8350915908813477,5.382883548736572,5.0,0.0,2.887913227081299,,,,,
2,0.1893954575061798,399,2.7487080097198486,3.896512746810913,5.427352428436279,3.0,0.0,2.7487080097198486,,,,,
2,0.17492912709712982,449,2.550743818283081,3.683187484741211,5.040421485900879,6.0,0.0,2.550743818283081,,,,,
2,,473,,,,,,,2.9126241207122803,3.9588205814361572,5.56056022644043,2.6626086235046387,2.9126241207122803
3,0.17740322649478912,499,2.7324554920196533,3.864525556564331,5.340744495391846,2.0,0.0,2.7324554920196533,,,,,
3,0.13322986662387848,549,2.7526490688323975,3.834136486053467,5.3815155029296875,4.0,0.0,2.7526490688323975,,,,,
3,0.10983296483755112,599,2.839620590209961,3.983135461807251,5.534609794616699,3.0,0.0,2.839620590209961,,,,,
3,,631,,,,,,,2.8761274814605713,3.9791007041931152,5.56056022644043,2.6626086235046387,2.8761274814605713
4,0.14410369098186493,649,2.560628890991211,3.7358672618865967,5.136431694030762,3.0,0.0,2.560628890991211,,,,,
4,0.11484743654727936,699,2.766396999359131,3.8631436824798584,5.432976722717285,1.0,0.0,2.766396999359131,,,,,
4,0.13529455661773682,749,2.715904474258423,3.903555154800415,5.383024215698242,4.0,0.0,2.715904474258423,,,,,
4,,789,,,,,,,2.8525876998901367,3.9875781536102295,5.56056022644043,2.6626086235046387,2.8525876998901367
5,0.18827444314956665,799,2.5888094902038574,3.8386480808258057,5.2115020751953125,8.0,0.0,2.5888094902038574,,,,,
5,0.150635227560997,849,2.8334648609161377,3.9231417179107666,5.576027870178223,2.0,0.0,2.8334648609161377,,,,,
5,0.09574862569570541,899,2.937411069869995,4.091610908508301,5.66864013671875,3.0,0.0,2.937411069869995,,,,,
5,,947,,,,,,,2.8363072872161865,3.990199089050293,5.56056022644043,2.6626086235046387,2.8363072872161865
6,0.16027554869651794,949,2.9001123905181885,3.888995885848999,5.651650905609131,3.0,0.0,2.9001123905181885,,,,,
6,0.12711699306964874,999,2.6148810386657715,3.8307809829711914,5.3270769119262695,7.0,0.0,2.6148810386657715,,,,,
6,0.11570672690868378,1049,2.861797332763672,4.047211647033691,5.671248435974121,2.0,0.0,2.861797332763672,,,,,
6,0.1670638471841812,1099,2.466285228729248,3.7055656909942627,5.05357551574707,5.0,0.0,2.466285228729248,,,,,
6,,1105,,,,,,,2.824409008026123,3.9900338649749756,5.56056022644043,2.6626086235046387,2.824409008026123
7,0.16008949279785156,1149,2.7855730056762695,3.912780523300171,5.571108818054199,4.0,0.0,2.7855730056762695,,,,,
7,0.11424127221107483,1199,2.8685994148254395,4.0214667320251465,5.67816162109375,6.0,0.0,2.8685994148254395,,,,,
7,0.09439307451248169,1249,2.6613359451293945,3.8232059478759766,5.3327436447143555,8.0,0.0,2.6613359451293945,,,,,
7,,1263,,,,,,,2.8153228759765625,3.988356351852417,5.56056022644043,2.6626086235046387,2.8153228759765625
8,0.12457004189491272,1299,2.694438934326172,3.8873190879821777,5.442724227905273,1.0,0.0,2.694438934326172,,,,,
8,0.14640311896800995,1349,2.726046085357666,3.9166975021362305,5.474637985229492,5.0,0.0,2.726046085357666,,,,,
8,0.11820123344659805,1399,2.5434625148773193,3.7430269718170166,5.191125869750977,9.0,0.0,2.5434625148773193,,,,,
8,,1421,,,,,,,2.80815052986145,3.9860904216766357,5.56056022644043,2.6626086235046387,2.80815052986145
9,0.1292889416217804,1449,2.822183609008789,3.960920810699463,5.4823102951049805,4.0,0.0,2.822183609008789,,,,,
9,0.1746811866760254,1499,2.8660011291503906,4.006221294403076,5.693087577819824,6.0,0.0,2.8660011291503906,,,,,
9,0.1709425151348114,1549,2.8185360431671143,3.9858338832855225,5.594605445861816,4.0,0.0,2.8185360431671143,,,,,
9,,1579,,,,,,,2.80234956741333,3.9836301803588867,5.56056022644043,2.6626086235046387,2.80234956741333
10,0.09089586138725281,1599,2.742316484451294,3.8898892402648926,5.54083251953125,4.0,0.0,2.742316484451294,,,,,
10,0.10035178810358047,1649,2.6483521461486816,3.8444912433624268,5.370613098144531,4.0,0.0,2.6483521461486816,,,,,
10,0.1252589374780655,1699,2.7967004776000977,4.040827751159668,5.52405309677124,2.0,0.0,2.7967004776000977,,,,,
10,,1737,,,,,,,2.7975728511810303,3.981003761291504,5.56056022644043,2.6626086235046387,2.7975728511810303
11,0.15957011282444,1749,2.8225739002227783,3.9207136631011963,5.620847702026367,0.0,0.0,2.8225739002227783,,,,,
11,0.11044999212026596,1799,2.6985981464385986,3.8475494384765625,5.5060930252075195,0.0,0.0,2.6985981464385986,,,,,
11,0.14363166689872742,1849,2.93475079536438,4.121384143829346,5.800398826599121,0.0,0.0,2.93475079536438,,,,,
11,,1895,,,,,,,2.7935776710510254,3.9784226417541504,5.56056022644043,2.6626086235046387,2.7935776710510254
12,0.09421996027231216,1899,2.9121687412261963,4.115649700164795,5.723409175872803,2.0,0.0,2.9121687412261963,,,,,
12,0.13284581899642944,1949,2.630688190460205,3.739920139312744,5.4002685546875,4.0,0.0,2.630688190460205,,,,,
12,0.0917263850569725,1999,2.7608299255371094,4.035170555114746,5.514856338500977,7.0,0.0,2.7608299255371094,,,,,
12,0.10555952787399292,2049,2.704188823699951,3.840146780014038,5.388668537139893,1.0,0.0,2.704188823699951,,,,,
12,,2053,,,,,,,2.7901968955993652,3.9757609367370605,5.56056022644043,2.6626086235046387,2.7901968955993652
13,0.13546206057071686,2099,2.7432827949523926,3.8811604976654053,5.479869842529297,3.0,0.0,2.7432827949523926,,,,,
13,0.12543995678424835,2149,2.751375913619995,3.937784433364868,5.558947563171387,0.0,0.0,2.751375913619995,,,,,
13,0.10286762565374374,2199,2.5763909816741943,3.8163681030273438,5.257041931152344,1.0,0.0,2.5763909816741943,,,,,
13,,2211,,,,,,,2.7873051166534424,3.9732396602630615,5.56056022644043,2.6626086235046387,2.7873051166534424
14,0.14361867308616638,2249,2.658034086227417,3.91202712059021,5.3683319091796875,6.0,0.0,2.658034086227417,,,,,
14,0.11312106251716614,2299,2.698364019393921,3.941118001937866,5.44029426574707,1.0,0.0,2.698364019393921,,,,,
14,0.12340927124023438,2349,2.779362440109253,3.858423948287964,5.538301467895508,3.0,0.0,2.779362440109253,,,,,
14,,2369,,,,,,,2.784804582595825,3.9708516597747803,5.56056022644043,2.6626086235046387,2.784804582595825
15,0.1287592649459839,2399,2.5827574729919434,3.873137950897217,5.3059539794921875,3.0,0.0,2.5827574729919434,,,,,
15,0.12075386196374893,2449,2.7216482162475586,3.942575454711914,5.598226070404053,3.0,0.0,2.7216482162475586,,,,,
15,0.10508210957050323,2499,2.685431718826294,3.9743540287017822,5.396203994750977,7.0,0.0,2.685431718826294,,,,,
15,,2527,,,,,,,2.7826225757598877,3.968437433242798,5.56056022644043,2.6626086235046387,2.7826225757598877
16,0.09678535908460617,2549,2.6032752990722656,3.744147300720215,5.364482879638672,5.0,0.0,2.6032752990722656,,,,,
16,0.10574750602245331,2599,2.8578341007232666,4.033646583557129,5.679414749145508,0.0,0.0,2.8578341007232666,,,,,
16,0.10484706610441208,2649,2.6477057933807373,3.918250322341919,5.375414848327637,2.0,0.0,2.6477057933807373,,,,,
16,,2685,,,,,,,2.780697822570801,3.966130256652832,5.56056022644043,2.6626086235046387,2.780697822570801
17,0.1461130529642105,2699,2.7721569538116455,3.8841123580932617,5.551873207092285,3.0,0.0,2.7721569538116455,,,,,
17,0.10968171060085297,2749,2.7229764461517334,3.9625210762023926,5.478091239929199,1.0,0.0,2.7229764461517334,,,,,
17,0.13069786131381989,2799,2.713341474533081,4.040786266326904,5.451632499694824,2.0,0.0,2.713341474533081,,,,,
17,,2843,,,,,,,2.7789864540100098,3.9640443325042725,5.56056022644043,2.6626086235046387,2.7789864540100098
18,0.0960766077041626,2849,2.8073136806488037,3.967327117919922,5.603668689727783,3.0,0.0,2.8073136806488037,,,,,
18,0.11870845407247543,2899,2.8293297290802,3.9608681201934814,5.676693916320801,1.0,0.0,2.8293297290802,,,,,
18,0.12989307940006256,2949,2.7664215564727783,4.011837482452393,5.532863616943359,4.0,0.0,2.7664215564727783,,,,,
18,0.21956448256969452,2999,2.382619619369507,3.7013096809387207,4.998757362365723,10.0,0.0,2.382619619369507,,,,,
18,,3001,,,,,,,2.777451992034912,3.962003231048584,5.56056022644043,2.6626086235046387,2.777451992034912
19,0.1395055204629898,3049,2.7334206104278564,3.9607484340667725,5.45900821685791,8.0,0.0,2.7334206104278564,,,,,
19,0.1750185191631317,3099,2.842237949371338,4.041391849517822,5.6588640213012695,2.0,0.0,2.842237949371338,,,,,
19,0.122362419962883,3149,2.4753100872039795,3.6801934242248535,5.088143825531006,9.0,0.0,2.4753100872039795,,,,,
19,,3159,,,,,,,2.776069402694702,3.9600844383239746,5.56056022644043,2.6626086235046387,2.776069402694702
